IsNew,Type,NewName,Address,Order,ReplaceIfVacant,coords.x1,coords.x2,optional
0,NA,Tulane Medical Center,NA,1,X,-90.07636936599076,29.95571752931312,TRUE
0,NA,I-10 and Downman Rd,NA,2,X,-90.01915705706313,30.00640941721939,TRUE
1,NOFD,ENGINE 33,3340 GENERAL MEYER AVE.,3,X,-90.02039901800649,29.939836487315844,TRUE
0,NA,Old Gentilly/5000,NA,4,NA,-90.03661446221717,30.003613015810718,TRUE
0,NA,Baptist,NA,5,NA,-90.10365035503024,29.937625012368724,TRUE
1,NOFD,ENGINE 24,1040 POLAND AVE.,6,NA,-90.03179206370245,29.964391429879843,TRUE
1,NOFD,SQUIRT 25,2430 S. CARROLLTON AVE.,7,NA,-90.11995703988737,29.956746771139656,TRUE
1,NOFD,SQUIRT 13,987 ROBERT E. LEE BLVD.,8,NA,-90.09909390305484,30.01935388359828,TRUE
